time,x,y,z
1.000000,-1.502552,0.115685,1.483621
2.000000,-1.873901,-3.201357,0.384443
3.000000,3.820083,1.262793,0.001828
4.000000,6.944372,1.867555,-0.307242
5.000000,12.287518,1.029662,1.208086
6.000000,15.906760,1.056597,0.280819
7.000000,22.003012,-2.107218,0.007600
8.000000,24.945896,0.854310,-1.246957
9.000000,30.481319,-0.166844,-0.831313
10.000000,34.949764,-0.145011,0.368410
